{"cameraMode":{"drawMode":0,"name":"Shaded","section":"Shading Mode"},"sceneLighting":false,"audioPlay":false,"sceneViewState":{"showFog":true,"showMaterialUpdate":false,"showSkybox":true,"showFlares":true,"showImageEffects":true,"showParticleSystems":true},"in2DMode":false,"pivot":{"x":-6.536636829376221,"y":-0.3310188353061676,"z":2.036524534225464},"rotation":{"x":-0.23500686883926392,"y":-0.025660106912255288,"z":0.0062061394564807419,"w":-0.9716351628303528},"size":1.6666975021362305,"orthographic":false}