{"cameraMode":{"drawMode":0,"name":"Shaded","section":"Shading Mode"},"sceneLighting":false,"audioPlay":false,"sceneViewState":{"showFog":true,"showMaterialUpdate":false,"showSkybox":true,"showFlares":true,"showImageEffects":true,"showParticleSystems":true},"in2DMode":false,"pivot":{"x":-38.779052734375,"y":-124.3753662109375,"z":-64.57526397705078},"rotation":{"x":-0.2173723727464676,"y":0.6512459516525269,"z":-0.2027459442615509,"w":-0.6982278227806091},"size":760.2027587890625,"orthographic":false}