{"cameraMode":{"drawMode":0,"name":"Shaded","section":"Shading Mode"},"sceneLighting":false,"audioPlay":false,"sceneViewState":{"showFog":true,"showMaterialUpdate":false,"showSkybox":true,"showFlares":true,"showImageEffects":true,"showParticleSystems":true},"in2DMode":false,"pivot":{"x":5.262538909912109,"y":-5.552000045776367,"z":1.6472041606903077},"rotation":{"x":0.27896103262901308,"y":0.6143339276313782,"z":-0.24630635976791383,"w":0.6957786083221436},"size":24.549375534057618,"orthographic":false}