{"cameraMode":{"drawMode":0,"name":"Shaded","section":"Shading Mode"},"sceneLighting":false,"audioPlay":false,"sceneViewState":{"showFog":true,"showMaterialUpdate":false,"showSkybox":true,"showFlares":true,"showImageEffects":true,"showParticleSystems":true},"in2DMode":false,"pivot":{"x":0.5779255628585815,"y":-0.5173449516296387,"z":11.302059173583985},"rotation":{"x":-0.2114408165216446,"y":0.11260233819484711,"z":-0.024530570954084398,"w":-0.9705729484558106},"size":8.201769828796387,"orthographic":false}