{"cameraMode":{"drawMode":0,"name":"Shaded","section":"Shading Mode"},"sceneLighting":false,"audioPlay":false,"sceneViewState":{"showFog":true,"showMaterialUpdate":false,"showSkybox":false,"showFlares":true,"showImageEffects":true,"showParticleSystems":true},"in2DMode":false,"pivot":{"x":0.018533766269683839,"y":-0.1574358195066452,"z":-0.10830247402191162},"rotation":{"x":0.004006525501608849,"y":0.9424163699150086,"z":-0.3342272937297821,"w":0.011294777505099774},"size":0.6426347494125366,"orthographic":false}