{"cameraMode":{"drawMode":0,"name":"Shaded","section":"Shading Mode"},"sceneLighting":false,"audioPlay":false,"sceneViewState":{"showFog":true,"showMaterialUpdate":false,"showSkybox":false,"showFlares":true,"showImageEffects":true,"showParticleSystems":true},"in2DMode":false,"pivot":{"x":-0.08478516340255737,"y":0.05446404218673706,"z":0.010219097137451172},"rotation":{"x":0.25435197353363039,"y":0.30832639336586,"z":-0.08593273162841797,"w":0.9126092195510864},"size":0.46022021770477297,"orthographic":false}