{"cameraMode":{"drawMode":0,"name":"Shaded","section":"Shading Mode"},"sceneLighting":false,"audioPlay":false,"sceneViewState":{"showFog":true,"showMaterialUpdate":false,"showSkybox":true,"showFlares":true,"showImageEffects":true,"showParticleSystems":true},"in2DMode":false,"pivot":{"x":-0.011582255363464356,"y":0.8289873600006104,"z":7.335566997528076},"rotation":{"x":0.019808216020464898,"y":-0.01018664613366127,"z":0.00020224653417244554,"w":0.9997519254684448},"size":10.998056411743164,"orthographic":false}