{"cameraMode":{"drawMode":0,"name":"Shaded","section":"Shading Mode"},"sceneLighting":false,"audioPlay":false,"sceneViewState":{"showFog":true,"showMaterialUpdate":false,"showSkybox":false,"showFlares":true,"showImageEffects":true,"showParticleSystems":true},"in2DMode":false,"pivot":{"x":-0.383209228515625,"y":-1.1451492309570313,"z":0.4313812255859375},"rotation":{"x":-0.18001797795295716,"y":-0.6303106546401978,"z":0.15345273911952973,"w":-0.7394284009933472},"size":37.30939483642578,"orthographic":false}