{"cameraMode":{"drawMode":0,"name":"Shaded","section":"Shading Mode"},"sceneLighting":false,"audioPlay":false,"sceneViewState":{"showFog":true,"showMaterialUpdate":false,"showSkybox":false,"showFlares":true,"showImageEffects":true,"showParticleSystems":true},"in2DMode":false,"pivot":{"x":0.10002130270004273,"y":0.006291449069976807,"z":-0.06342129409313202},"rotation":{"x":0.2551702558994293,"y":0.5877147316932678,"z":-0.2024962604045868,"w":0.7405909299850464},"size":2.860219717025757,"orthographic":false}