{"cameraMode":{"drawMode":0,"name":"Shaded","section":"Shading Mode"},"sceneLighting":false,"audioPlay":false,"sceneViewState":{"showFog":true,"showMaterialUpdate":false,"showSkybox":false,"showFlares":true,"showImageEffects":true,"showParticleSystems":true},"in2DMode":false,"pivot":{"x":-0.01623702049255371,"y":0.06257140636444092,"z":0.18786737322807313},"rotation":{"x":-0.16139718890190125,"y":0.6324385404586792,"z":-0.1369905024766922,"w":-0.7451215982437134},"size":2.7387702465057375,"orthographic":false}