{"cameraMode":{"drawMode":0,"name":"Shaded","section":"Shading Mode"},"sceneLighting":false,"audioPlay":false,"sceneViewState":{"showFog":true,"showMaterialUpdate":false,"showSkybox":false,"showFlares":true,"showImageEffects":true,"showParticleSystems":true},"in2DMode":false,"pivot":{"x":-0.9839506149291992,"y":1.0866349935531617,"z":0.6609773635864258},"rotation":{"x":0.25435197353363039,"y":0.30832639336586,"z":-0.08593273162841797,"w":0.9126092195510864},"size":3.7602195739746095,"orthographic":false}