{"cameraMode":{"drawMode":0,"name":"Shaded","section":"Shading Mode"},"sceneLighting":false,"audioPlay":false,"sceneViewState":{"showFog":true,"showMaterialUpdate":false,"showSkybox":false,"showFlares":true,"showImageEffects":true,"showParticleSystems":true},"in2DMode":false,"pivot":{"x":-0.38936227560043337,"y":0.3722459673881531,"z":-0.33556950092315676},"rotation":{"x":0.25435197353363039,"y":0.30832639336586,"z":-0.08593273162841797,"w":0.9126092195510864},"size":1.0602198839187623,"orthographic":false}